claim_cat,frame_cat,actor_id,Polarity,rowid,claim_quote,frame_quote_new
715 Demokratie stärken,f703 Demokratiedefizit,afd,+,0,"Deshalb halten wir die unmittelbare Demokratie für ein  unverzichtbares Mittel, um dem autoritären und  teilweise totalitären Gebaren der Regierungspolitiker   Volksabstimmungen nach Schweizer Modell Die AfD fordert Volksentscheide nach Schweizer Modell  auch für Deutschland.","Deshalb halten wir die unmittelbare Demokratie für ein unverzichtbares Mittel, um dem autoritären und teilweise totalitären Gebaren der Regierungspolitiker Einhalt zu gebieten."
715 Demokratie stärken,f703 Demokratiedefizit,afd,+,1,"Deshalb halten wir die unmittelbare Demokratie für ein  unverzichtbares Mittel, um dem autoritären und  teilweise totalitären Gebaren der Regierungspolitiker   Volksabstimmungen nach Schweizer Modell Die AfD fordert Volksentscheide nach Schweizer Modell  auch für Deutschland.","Die Regierungspolitiker in Bund und Ländern haben mit ihrer Flüchtlings-, Europa- und Corona-Politik die Prinzipien der deutschen Staatlichkeit, des Rechts und der Verfassung vielfach verletzt."
716 Desinfektions- und Hygienemaßnahmen,f703 Demokratiedefizit,afd,-,2,Der Schwerpunkt  freiwilliger Hygienemaßnahmen und Schutz- - bestimmungen muss auf gefährdeten Bevölkerungs- gruppen liegen.,"Die Verunsicherung der Bürger mit willkürlichen Grenzwerten, nicht nachvollziehbaren Maßnahmen und Einschränkungen von Grundrechten durch Verwaltungsermächtigungen unter Umgehung der Parlamente sind für uns inakzeptabel."
204 Schulden (allgemein),f203 Austeritätspolitik,afd,-,16,"Die AfD fordert, die Corona-bedingten Ausgabenpro- gramme und die dazugehörige Verschuldung auf das  notwendige Maß zu beschränken.","Durch die überzogene Politik der Bundesregierung, der EU und der EZB in der Corona-Krise drohen gleichzeitig eine wirtschaftliche Depression und eine massive Teuerung, da große Teile der „Corona-Förderprogramme“ unproduktiv sind und als reine Geldmengenausweitung in den Konsum fließen, der auf der Angebotsseite nicht befriedigt werden kann."
216 staatliche Investionen,f203 Austeritätspolitik,afd,-,17,"Die AfD fordert, die Corona-bedingten Ausgabenpro- gramme und die dazugehörige Verschuldung auf das  notwendige Maß zu beschränken.","Durch die überzogene Politik der Bundesregierung, der EU und der EZB in der Corona-Krise drohen gleichzeitig eine wirtschaftliche Depression und eine massive Teuerung, da große Teile der „Corona-Förderprogramme“ unproduktiv sind und als reine Geldmengenausweitung in den Konsum fließen, der auf der Angebotsseite nicht befriedigt werden kann."
503 Internationale Kooperation,f506 Globalität der Krise,cdu,+,19,"Wir können die gro-  ßen weltweiten Menschheitsaufgaben nur lösen, wenn wir sie gemeinsam global anpacken.","Die Pandemie hat uns erneut gezeigt, wie vernetzt unsere Welt ist."
512 EU-Zusammenhalt stärken,f501 Notwendigkeit EU/Internationale Kooperation,cdu,+,20,• Für uns bleibt die enge Zusammenarbeit und die Pflege der Freundschaft mit Polen eine   zentrale Aufgabe deutscher Außenpolitik.,"Die Zusammenarbeit mit unseren Nachbarn und Freunden im Benelux-Raum sowie unseren östlichen Nachbarstaaten, wie zum Beispiel Tschechien, hat sich vor allem in der Pandemie bewährt."
501 Europäische Krisenbekämpfung,f501 Notwendigkeit EU/Internationale Kooperation,cdu,+,23,• Wir wollen gemeinsam mit unseren Europäischen Partnern die Pandemievorsorge und -  bereitschaft in der Europäischen Union weiter verbessern.,• In manchen Bereichen sind wir noch nicht so weit: So hat die Pandemiebekämpfung das Fehlen von gemeinsam abgestimmten Maßnahmen auf europäischer Ebene aufgezeigt.
504 Europäische Gesundheitsunion,f501 Notwendigkeit EU/Internationale Kooperation,cdu,+,24,"Deshalb setzen wir uns dafür   ein, die Arbeiten an der Gesundheitsunion zügig abzuschließen.",• In manchen Bereichen sind wir noch nicht so weit: So hat die Pandemiebekämpfung das Fehlen von gemeinsam abgestimmten Maßnahmen auf europäischer Ebene aufgezeigt.
504 Europäische Gesundheitsunion,f102 Wichtigkeit der Impfstoffversorgung,cdu,+,27,"Daher werden wir den geplanten Aufbau ei-  ner Europäischen Gesundheitskrisenagentur (HERA) konstruktiv begleiten und uns mit   unseren Partnern dafür einsetzen, die Abhängigkeit der EU von Drittstaaten zu reduzie-  ren.",Ein wesentlicher Baustein wird die Sicherstellung der Versorgung mit Impfstoffen und krisenrelevanten Arzneimitteln und Medizinprodukten sein.
719 regionale Produktion und Entwicklung,f102 Wichtigkeit der Impfstoffversorgung,cdu,+,28,"Daher werden wir den geplanten Aufbau ei-  ner Europäischen Gesundheitskrisenagentur (HERA) konstruktiv begleiten und uns mit   unseren Partnern dafür einsetzen, die Abhängigkeit der EU von Drittstaaten zu reduzie-  ren.",Ein wesentlicher Baustein wird die Sicherstellung der Versorgung mit Impfstoffen und krisenrelevanten Arzneimitteln und Medizinprodukten sein.
207 Steuern erhöhen,f201 Wirtschaftswachstum,cdu,-,29,Gerade nach der   Pandemie sind Steuererhöhungen der falsche Weg.,Sie stehen dem notwendigen Aufschwung unserer Wirtschaft entgegen.
101 bessere med. Versorgung,f101 Defizite im Gesundheitssystem,cdu,+,31,"Wir haben aber auch gesehen, dass wir mehr tun müssen,   damit unser Gesundheitswesen auch nach der Krise weiter zu den besten der Welt zählt.","Wir haben aber auch gesehen, dass wir mehr tun müssen, damit unser Gesundheitswesen auch nach der Krise weiter zu den besten der Welt zählt."
702 Digitalisierung,f101 Defizite im Gesundheitssystem,cdu,+,32,In einem zukunftsfähigen Gesundheits-  wesen setzen wir deshalb auf stärkere vernetzte Zusammenarbeit der einzelnen Akteure   und nutzen das Potenzial der Digitalisierung.,"In der Corona-Pandemie hat unser Gesundheitssystem gezeigt, welche Stärken es hat und an welchen Schwächen wir arbeiten müssen."
707 Bundesweite Zusammenarbeit,f101 Defizite im Gesundheitssystem,cdu,+,33,In einem zukunftsfähigen Gesundheits-  wesen setzen wir deshalb auf stärkere vernetzte Zusammenarbeit der einzelnen Akteure   und nutzen das Potenzial der Digitalisierung.,"In der Corona-Pandemie hat unser Gesundheitssystem gezeigt, welche Stärken es hat und an welchen Schwächen wir arbeiten müssen."
103 Ausbau Gesundheitsforschung,f103 Wichtigkeit des ÖGD,cdu,+,35,"Die Corona-Krise hat aber auch allen vor Augen geführt, dass eine nachhaltige Verstär-  kung des Öffentlichen Gesundheitsdienstes als eine unverzichtbare Säule des Gesundheits-  wesens dringend geboten ist",Die Pandemie hat die herausragende Bedeutung des Öffentlichen Gesundheitsdienstes (ÖGD) für einen wirksamen Schutz der Gesundheit der Bevölkerung deutlich werden lassen.
718 personelle Verstärkung,f103 Wichtigkeit des ÖGD,cdu,+,36,"Die Corona-Krise hat aber auch allen vor Augen geführt, dass eine nachhaltige Verstär-  kung des Öffentlichen Gesundheitsdienstes als eine unverzichtbare Säule des Gesundheits-  wesens dringend geboten ist",Die Pandemie hat die herausragende Bedeutung des Öffentlichen Gesundheitsdienstes (ÖGD) für einen wirksamen Schutz der Gesundheit der Bevölkerung deutlich werden lassen.
720 finanzielle Stärkung,f103 Wichtigkeit des ÖGD,cdu,+,37,"Die Corona-Krise hat aber auch allen vor Augen geführt, dass eine nachhaltige Verstär-  kung des Öffentlichen Gesundheitsdienstes als eine unverzichtbare Säule des Gesundheits-  wesens dringend geboten ist",Die Pandemie hat die herausragende Bedeutung des Öffentlichen Gesundheitsdienstes (ÖGD) für einen wirksamen Schutz der Gesundheit der Bevölkerung deutlich werden lassen.
719 regionale Produktion und Entwicklung,f107 Abwanderung Medizinindustrie,cdu,+,44,"Dafür wollen wir mit unseren   Pharma-Unternehmen dafür sorgen, dass kritische Schutzkleidung, medizinische Geräte   sowie alle wichtigen Medikamente in mindestens einer Variante in Europa produziert   werden","Unser Ziel ist es, Deutschlands und Europas Unabhängigkeit zu stärken und die Wertschöpfungsketten souveränitätskritischer medizinischer Produkte in die EU zurückzuholen."
718 personelle Verstärkung,f709 Zusammenarbeit,cdu,+,46,Diese zügige Bearbeitung entsprechender Anträge wollen wir auch für die   Zeit nach der Pandemie erhalten und werden daher das Paul-Ehrlich-Institut und das   Bundesinstitut für Arzneimittel und Medizinprodukte finanziell und personell verstär-  ken,"In der Pandemie hat sich gezeigt, wie zügig die Prüfung und Genehmigung klinischer Studien seitens der Zulassungsbehörden für Arzneimittel und Impfstoffe in Deutschland ohne Abstriche an der Qualität gelingen kann, wenn die Ressourcen gebündelt werden."
718 personelle Verstärkung,f103 Wichtigkeit des ÖGD,cdu,+,47,Diese zügige Bearbeitung entsprechender Anträge wollen wir auch für die   Zeit nach der Pandemie erhalten und werden daher das Paul-Ehrlich-Institut und das   Bundesinstitut für Arzneimittel und Medizinprodukte finanziell und personell verstär-  ken,"In der Pandemie hat sich gezeigt, wie zügig die Prüfung und Genehmigung klinischer Studien seitens der Zulassungsbehörden für Arzneimittel und Impfstoffe in Deutschland ohne Abstriche an der Qualität gelingen kann, wenn die Ressourcen gebündelt werden."
720 finanzielle Stärkung,f709 Zusammenarbeit,cdu,+,48,Diese zügige Bearbeitung entsprechender Anträge wollen wir auch für die   Zeit nach der Pandemie erhalten und werden daher das Paul-Ehrlich-Institut und das   Bundesinstitut für Arzneimittel und Medizinprodukte finanziell und personell verstär-  ken,"In der Pandemie hat sich gezeigt, wie zügig die Prüfung und Genehmigung klinischer Studien seitens der Zulassungsbehörden für Arzneimittel und Impfstoffe in Deutschland ohne Abstriche an der Qualität gelingen kann, wenn die Ressourcen gebündelt werden."
720 finanzielle Stärkung,f103 Wichtigkeit des ÖGD,cdu,+,49,Diese zügige Bearbeitung entsprechender Anträge wollen wir auch für die   Zeit nach der Pandemie erhalten und werden daher das Paul-Ehrlich-Institut und das   Bundesinstitut für Arzneimittel und Medizinprodukte finanziell und personell verstär-  ken,"In der Pandemie hat sich gezeigt, wie zügig die Prüfung und Genehmigung klinischer Studien seitens der Zulassungsbehörden für Arzneimittel und Impfstoffe in Deutschland ohne Abstriche an der Qualität gelingen kann, wenn die Ressourcen gebündelt werden."
505 WHO stärken,f501 Notwendigkeit EU/Internationale Kooperation,cdu,+,50,"• Daher wollen wir sie nachhaltig stärken, finanziell, technisch und politisch.","Die Pandemie zeigt, wie wichtig die internationale Zusammenarbeit bei Fragen der Gesundheit und der Gesundheitssicherheit ist."
505 WHO stärken,f502 Defizite WHO,cdu,+,51,"• Daher wollen wir sie nachhaltig stärken, finanziell, technisch und politisch.","Gleichzeitig hat sich gezeigt, dass die WHO ihr zentrales Mandat in der globalen Gesundheit aufgrund mangelnder Ressourcen aktuell nur unzureichend erfüllen kann."
207 Steuern erhöhen,f203 Austeritätspolitik,cdu,-,53,"Wir werden auch Frei-  räume für unsere Unternehmen schaffen und dazu beitragen, dass sie wettbewerbsfähig blei-  ben.","Wir stehen dabei vor der Herausforderung, dass die finanziellen Spielräume durch die CoronaPandemie auf allen Ebenen begrenzt sind."
204 Schulden (allgemein),f203 Austeritätspolitik,cdu,-,54,Gleichzeitig wollen wir so schnell wie möglich ohne neue Schulden auskommen.,"Wir stehen dabei vor der Herausforderung, dass die finanziellen Spielräume durch die CoronaPandemie auf allen Ebenen begrenzt sind."
208 Schuldenbremse,f203 Austeritätspolitik,cdu,+,55,• Wir bekennen uns zur grundgesetzlichen Schuldenbremse.,"Corona hat uns gezeigt, wo wir die richtigen Grundlagen geschaffen haben, um auch in Krisenzeiten umfassend handlungsfähig zu bleiben."
202 Wachstum/Wettbewerb/Innovation,f201 Wirtschaftswachstum,cdu,+,57,"Faire, leistungsgerechte und wettbewerbsfähige Steuern    Wir wollen die Wirtschaft nach der Pandemie wieder in Schwung bringen.","Faire, leistungsgerechte und wettbewerbsfähige Steuern"
402 Rückstände aufholen,f307 Benachteiligung marginalisierter Gruppen,cdu,+,60,"Vor allem die Lernschwächeren brauchen Aufmerksamkeit, damit sie Rück-  stände aufholen und ihre Lernmotivation zurückgewinnen können",Viele Kinder und Jugendliche wurden in der Corona-Pandemie in ihrer Entwicklung besonders beeinflusst.
402 Rückstände aufholen,f307 Benachteiligung marginalisierter Gruppen,cdu,+,61,"• Damit niemand zurückbleibt, haben wir ein Unterstützungsprogramm für die Jahre 2021   und 2022 in Höhe von einer Milliarde Euro aufgelegt.","• Damit niemand zurückbleibt, haben wir ein Unterstützungsprogramm für die Jahre 2021 und 2022 in Höhe von einer Milliarde Euro aufgelegt."
103 Ausbau Gesundheitsforschung,f202 Innovation,cdu,+,64,Jetzt   werden wir noch einmal nachlegen und die Bemessungsgrundlage auf 8 Millionen Euro   pro Unternehmen erneut verdoppeln – für Innovationskraft x 4,Jetzt werden wir noch einmal nachlegen und die Bemessungsgrundlage auf 8 Millionen Euro pro Unternehmen erneut verdoppeln – für Innovationskraft x 4.
101 bessere med. Versorgung,f101 Defizite im Gesundheitssystem,cdu,+,65,"Deshalb wollen wir die ge-  wonnenen Erkenntnisse nutzen, um Aufgaben und Strukturen im Bevölkerungsschutz zu moder-  nisieren und weiterzuentwickeln.","Die Bewältigung der Corona-Krise hat die Stärken, aber auch die Schwächen im Zusammenwirken der beteiligten Institutionen verdeutlicht."
707 Bundesweite Zusammenarbeit,f709 Zusammenarbeit,cdu,+,66,Wir bekennen uns zu den Verein-  barungen des Bonn/Berlin-Gesetzes.,"• Die Erfahrungen aus der Pandemie haben gezeigt, dass gute Zusammenarbeit auch von unterschiedlichen Orten aus funktionieren kann."
707 Bundesweite Zusammenarbeit,f709 Zusammenarbeit,cdu,+,67,"Deshalb wol-  len wir das Bundesamt für Bevölkerungsschutz und Katastrophenhilfe und das Robert   Koch-Institut in ihrer Zusammenarbeit sowie in ihrer jeweiligen Koordinierungsfunktion   rechtlich, personell und technisch stärken.",• Gerade bei biologischen Gefahren wie Pandemien oder Bioterrorismus ist das enge Zusammenwirken von Innen- und Gesundheitsbehörden besonders wichtig.
718 personelle Verstärkung,f709 Zusammenarbeit,cdu,+,68,"Deshalb wol-  len wir das Bundesamt für Bevölkerungsschutz und Katastrophenhilfe und das Robert   Koch-Institut in ihrer Zusammenarbeit sowie in ihrer jeweiligen Koordinierungsfunktion   rechtlich, personell und technisch stärken.",• Gerade bei biologischen Gefahren wie Pandemien oder Bioterrorismus ist das enge Zusammenwirken von Innen- und Gesundheitsbehörden besonders wichtig.
720 finanzielle Stärkung,f709 Zusammenarbeit,cdu,+,69,"Deshalb wol-  len wir das Bundesamt für Bevölkerungsschutz und Katastrophenhilfe und das Robert   Koch-Institut in ihrer Zusammenarbeit sowie in ihrer jeweiligen Koordinierungsfunktion   rechtlich, personell und technisch stärken.",• Gerade bei biologischen Gefahren wie Pandemien oder Bioterrorismus ist das enge Zusammenwirken von Innen- und Gesundheitsbehörden besonders wichtig.
315 Wohnraum,f301 Wohnraum,cdu,+,72,Genug Wohnraum   in einem intakten Umfeld ist ein Ziel von CDU und CSU.,"In der Corona-Pandemie hat sich gezeigt, wie wichtig es ist, eine Wohnung zu haben, in der man sich wohlfühlt und Platz hat zum Leben und auch, um zumindest zeitweise dort zu arbeiten."
801 Ganzheitlicher Ansatz der Pandemiebekämpfung,f110 öffentliche Gesundheit (E),cdu,+,79,"• Um künftigen Pandemien vorzubeugen, werden wir im Rahmen der globalen Gesund-  heitspolitik die Wechselbeziehungen von Mensch, Tier und Umwelt (One-Health-An-  satz) stärker als bisher beachten","• Um künftigen Pandemien vorzubeugen, werden wir im Rahmen der globalen Gesundheitspolitik die Wechselbeziehungen von Mensch, Tier und Umwelt (One-Health-Ansatz) stärker als bisher beachten."
503 Internationale Kooperation,f501 Notwendigkeit EU/Internationale Kooperation,cdu,+,81,"Damit wollen wir dazu beitragen, die durch die   Pandemie ausgelösten Entwicklungsrückschritte in vielen Ländern der Welt rasch wieder   umzukehren.","• Wir wollen auch in Zukunft 0,7 Prozent des Bruttonationaleinkommens für öffentliche Entwicklungszusammenarbeit ausgeben."
204 Schulden (allgemein),f203 Austeritätspolitik,fdp,-,85,"Um auf zukünftige Krisen vorbereitet zu  sein, müssen die Corona-Schulden so schnell wie möglich abgebaut werden.","Auf die Coronakrise konnte nur deshalb so entschlossen reagiert werden, weil die deutsche Staatsverschuldung in den Jahren davor auf unter 60 Prozent des Bruttoinlandsproduktes gesunken war."
702 Digitalisierung,f401 Defizite in Digitalisierung,fdp,+,86,"Die Digitalisierung von allgemeinbildenden, beruflichen und  sonderpädagogischen Schulen muss ganzheitlich von der Ausstattung bis zur Nutzung gedacht  werden.","Die Coronakrise hat gezeigt, dass die finanziellen Mittel für WLAN und Hardware allein nicht ausreichend sind, um im Notfall digitalen Unterricht von zu Hause aus zu ermöglichen."
710 Förderalismus reformieren,f702 Bürokratie,fdp,+,88,Weitreichende Föderalismus- und Verwaltungsreform  Wir Freie Demokraten wollen durch eine umfassende Föderalismus- und Verwaltungsreform einen  modernen und handlungsfähigen Staat schaffen.,"Die Coronakrise hat gezeigt, dass unklare Zuständigkeiten, eine erdrückende Bürokratie und digitale Defizite bei den Behörden schnelle und pragmatische Lösungen verhindern."
702 Digitalisierung,f702 Bürokratie,fdp,+,89,Wir wollen deshalb die Kompetenzverteilung zwischen den  staatlichen Ebenen neu regeln und die Digitalisierung der Verwaltung vorantreiben.,"Die Coronakrise hat gezeigt, dass unklare Zuständigkeiten, eine erdrückende Bürokratie und digitale Defizite bei den Behörden schnelle und pragmatische Lösungen verhindern."
710 Förderalismus reformieren,f702 Bürokratie,fdp,+,90,Wir wollen deshalb die Kompetenzverteilung zwischen den  staatlichen Ebenen neu regeln und die Digitalisierung der Verwaltung vorantreiben.,"Die Coronakrise hat gezeigt, dass unklare Zuständigkeiten, eine erdrückende Bürokratie und digitale Defizite bei den Behörden schnelle und pragmatische Lösungen verhindern."
207 Steuern erhöhen,f219 außergewöhnliche Verhältnisse,fdp,-,93,"Für solche Fälle brauchen wir eine negative Gewinnsteuer, bei  der Verluste aus dem aktuellen Jahr mit Gewinnen der Vorjahre verrechnet werden können.","Die Coronakrise hat gezeigt, welche Instrumente es im Fall großer Krisen mit außergewöhnlichen Verhältnissen in der gesamten Wirtschaft und auf dem gesamten Arbeitsmarkt braucht."
101 bessere med. Versorgung,f103 Wichtigkeit des ÖGD,fdp,+,94,Wir  wollen allen Menschen eine wohnortnahe und qualitativ hochwertige medizinische Versorgung  sichern.,"Die Coronapandemie hat gezeigt, wie wichtig ein funktionierendes Gesundheitssystem ist."
720 finanzielle Stärkung,f110 öffentliche Gesundheit (E),fdp,+,97,Krankenhäuser finanziell absichern  Wir Freie Demokraten fordern eine nachhaltige Verbesserung der Investitionsfinanzierung für  maximalversorgende und kleinere spezialisierte Krankenhäuser.,Nur so können wir die bedarfsgerechte und qualitativ hochwertige Versorgung aller Bürgerinnen und Bürger sicherstellen.
728 rechtliche Grundlage,f110 öffentliche Gesundheit (E),fdp,+,102,Dazu bedarf es einer klaren rechtlichen Definition.,Der Staat muss auf pandemische Notlagen mit verhältnismäßigen Maßnahmen reagieren können.
203 Tourismusbranche unterstützen,f201 Wirtschaftswachstum,fdp,+,110,Der Tourismus muss in Krisenzeiten besser unterstützt und für die Zukunft gestärkt werden.,In vielen Regionen Deutschlands sind Tourismusbetriebe wie Hotels und Gaststätten Eckpfeiler für Wirtschaftswachstum und Beschäftigung.
203 Tourismusbranche unterstützen,f204 Wichtigkeit Tourismusbranche,fdp,+,111,Der Tourismus muss in Krisenzeiten besser unterstützt und für die Zukunft gestärkt werden.,In vielen Regionen Deutschlands sind Tourismusbetriebe wie Hotels und Gaststätten Eckpfeiler für Wirtschaftswachstum und Beschäftigung.
203 Tourismusbranche unterstützen,f214 Systemrelevanz,fdp,+,112,Der Tourismus muss in Krisenzeiten besser unterstützt und für die Zukunft gestärkt werden.,In vielen Regionen Deutschlands sind Tourismusbetriebe wie Hotels und Gaststätten Eckpfeiler für Wirtschaftswachstum und Beschäftigung.
203 Tourismusbranche unterstützen,f204 Wichtigkeit Tourismusbranche,fdp,+,113,Tourismus stärken  Wir Freie Demokraten wollen die Tourismuswirtschaft nachhaltig stärken.,Der Tourismus ist eine unserer wichtigsten Wirtschaftszweige und braucht Perspektiven für die Zeit nach der Krise.
203 Tourismusbranche unterstützen,f211 Finanzielle Schwierigkeiten durch Corona,fdp,+,114,Tourismus stärken  Wir Freie Demokraten wollen die Tourismuswirtschaft nachhaltig stärken.,"Denn ob Gaststätten, Hotels oder Reisebüros – sie alle hat die Corona-Pandemie hart getroffen."
204 Schulden (allgemein),f213 Kurzfristigkeit staatlicher Eingriffe,fdp,-,125,"Wir wollen, dass der Rückgriff auf die  Schuldenpolitik einmalig bleibt, wie es die Bundesregierung den Bürgerinnen und Bürgern  versprochen hat.",In der Coronakrise wurde 2020 einmalig eine zeitlich befristete Schuldenfinanzierung des EU-Haushalts beschlossen.
301 Respekt für Freiheitsrechte,f506 Globalität der Krise,fdp,+,128,"Wir wollen deshalb, dass Deutschland beim Schutz der Menschenrechte eine  Vorreiterrolle einnimmt und Führungsstärke zeigt.",Gerade in Krisenzeiten wie der aktuellen Covid-19-Pandemie geraten Menschenrechte international aber stärker unter Druck.
902 Gleichberechtigung,f306 Geschlechtsspezifische Ungleichheit,fdp,+,129,Wir wollen  deshalb die Position von Frauen in der Krisen- und Konfliktbewältigung stärken.,"Wir Freie Demokraten sind überzeugt, dass Frauen weltweit eine elementare Rolle in der internationalen Friedenssicherung, Streitschlichtung und Krisenprävention spielen."
503 Internationale Kooperation,f506 Globalität der Krise,fdp,+,131,"Hierzu wollen wir auch die multilaterale  Unterstützung für die am wenigsten entwickelten Länder (LDCs) stärken und bis spätestens 2030 0,2  Prozent des BIP, vorrangig für multilaterale Initiativen, zur Verfügung stellen.","Die Covid-19-Pandemie, die insbesondere in Entwicklungs- und Schwellenländern zu massiven sozialen und wirtschaftlichen Verlusten geführt hat, erfordert besondere Anstrengungen."
202 Wachstum/Wettbewerb/Innovation,f201 Wirtschaftswachstum,fdp,+,137,Dazu brauchen wir echte Modernisierungsimpulse  für einen zukunftsfähigen Standort und Arbeitsplätze.,Nun müssen wir trotz Krise schnell wieder auf Wachstumskurs kommen.
207 Steuern erhöhen,f218 Erhalt von Arbeitsplätzen,fdp,-,140,"Schnelle Hilfe durch „Negative Gewinnsteuer” in Wirtschaftskrisen  Wir Freie Demokraten fordern, dass kurzfristige Liquiditätshilfe direkt vom Finanzamt ausgezahlt  werden kann.",Damit sorgen wir in wirtschaftlichen Krisenzeiten für schnelle und unbürokratische Hilfen und verhindern unnötige Jobverluste und Insolvenzen.
207 Steuern erhöhen,f218 Erhalt von Arbeitsplätzen,fdp,-,141,Körperschaftsteuer als  Liquiditätssoforthilfe: die „Negative Gewinnsteuer“.,Damit sorgen wir in wirtschaftlichen Krisenzeiten für schnelle und unbürokratische Hilfen und verhindern unnötige Jobverluste und Insolvenzen.
207 Steuern erhöhen,f218 Erhalt von Arbeitsplätzen,fdp,-,142,"In einem zweiten Schritt, soll eine deutlich erweiterte Verlustverrechnung mit  Gewinnen vergangener oder künftiger Jahre eingeführt werden.",Damit sorgen wir in wirtschaftlichen Krisenzeiten für schnelle und unbürokratische Hilfen und verhindern unnötige Jobverluste und Insolvenzen.
702 Digitalisierung,f202 Innovation,fdp,+,143,So  muss Deutschland bei der Digitalisierung aufholen.,"Gerade die Coronakrise hat gezeigt, dass der stete Wandel der Wirtschaft neue Ideen und Wege erfordert."
201 freie Marktwirtschaft,f201 Wirtschaftswachstum,fdp,+,144,Zurück zur Marktwirtschaft – mit Wachstum Corona-Folgen überwinden  Wir Freie Demokraten fordern die Rückkehr zu marktwirtschaftlichen Prinzipien.,Zurück zur Marktwirtschaft – mit Wachstum Corona-Folgen überwinden
202 Wachstum/Wettbewerb/Innovation,f201 Wirtschaftswachstum,fdp,+,145,Zurück zur Marktwirtschaft – mit Wachstum Corona-Folgen überwinden  Wir Freie Demokraten fordern die Rückkehr zu marktwirtschaftlichen Prinzipien.,Zurück zur Marktwirtschaft – mit Wachstum Corona-Folgen überwinden
206 Coronahilfen,f201 Wirtschaftswachstum,fdp,-,146,Der Weg zu immer  mehr Nothilfen und Rettungsschirmen lässt sich nicht aufrechterhalten.,Er ist ineffizient und führt nicht zum Ziel eines selbsttragenden Wirtschaftswachstums.
216 staatliche Investionen,f201 Wirtschaftswachstum,gruene,+,147,"Das Beste, was die Politik  dazu beitragen kann, ist, das zu tun, was sie die letzten zehn Jahre sträflich versäumt hat: in unsere gemeinsame  Zukunft zu investieren.",Nach der Corona-Pandemie braucht unser Land einen neuen wirtschaftlichen Aufbruch.
206 Coronahilfen,f211 Finanzielle Schwierigkeiten durch Corona,gruene,+,148,Ein Neustart nach der Corona-Krise muss daher gezielt den besonders betrof- fenen Branchen helfen - und zugleich ein Signal für den Richtungswechsel zur Klimaneutralität setzen.,Die Corona-Pandemie hat viele Unternehmen hart getroffen.
804 Klimaschutz,f201 Wirtschaftswachstum,gruene,+,149,Ein Neustart nach der Corona-Krise muss daher gezielt den besonders betrof- fenen Branchen helfen - und zugleich ein Signal für den Richtungswechsel zur Klimaneutralität setzen.,"Damit sichern wir Existenzen, erhalten Arbeitsplätze und setzen zielgenaue konjunkturelle Impulse."
804 Klimaschutz,f218 Erhalt von Arbeitsplätzen,gruene,+,150,Ein Neustart nach der Corona-Krise muss daher gezielt den besonders betrof- fenen Branchen helfen - und zugleich ein Signal für den Richtungswechsel zur Klimaneutralität setzen.,"Damit sichern wir Existenzen, erhalten Arbeitsplätze und setzen zielgenaue konjunkturelle Impulse."
302 Kultur- und Kreativwirtschaft,f211 Finanzielle Schwierigkeiten durch Corona,gruene,+,158,Förderprogramme schneiden wir spezifisch auf die Bedürfnisse der Kultur- und Kreativ- wirtschaft zu und wir bauen die Gründungsförderung aus der Arbeitslosigkeit bedarfsgerecht aus.,"Doch die Kultur- und Kreativwirtschaft ist durch die Corona-Krise existenziell bedroht, besonders auch kleinere Betriebe wie unabhängige Verlage, Privattheater, Programmkinos, kleine Clubs und Veranstaltungsorte."
216 staatliche Investionen,f202 Innovation,gruene,+,159,"Eine Innovationskraft,  die der Staat mit Tempo und entschlossenen Investitionen unterstützen muss.","Die rasante Entwicklung des Corona-Impfstoffs von Wissenschaftler*innen und Unternehmer*innen aus Mainz hat gezeigt, welche Innovationskraft in unserer Forschungs- und Unternehmenslandschaft steckt."
207 Steuern erhöhen,f211 Finanzielle Schwierigkeiten durch Corona,gruene,-,160,Daher müssen alle Veränderungen im  Steuerrecht mindestens aufkommensneutral sein.,Angesichts der Corona-Krise wird die Lage der öffentlichen Haushalte in den kommenden Jahren sehr angespannt sein.
314 marginalisierte Gruppen unterstützen,f307 Benachteiligung marginalisierter Gruppen,gruene,+,161,Der Weg aus der Pandemie muss zu einem neuen sozialen Sicher- heitsversprechen führen.,Die Pandemie hat aber zugleich bestehende Ungleichheiten verschärft.
314 marginalisierte Gruppen unterstützen,f901 Einsamkeit durch Corona,gruene,+,162,Der Weg aus der Pandemie muss zu einem neuen sozialen Sicher- heitsversprechen führen.,Einsamkeit wird größer.
213 Mindestsicherung,f208 Sozialleistungen zu niedrig,gruene,+,164,Deshalb braucht es ein bran- chenunabhängiges Mindestkurzarbeitergeld.,"In Zeiten von Corona zeigt sich besonders, dass das Kurzarbeitergeld für Beschäftigte mit kleinen Löhnen zu niedrig ist."
205 Arbeitsplätze schaffen,f209 Erwerbslosigkeit,gruene,+,165,"Wir  wollen die Beschäftigung weiter erhöhen und damit auch verhindern, dass Corona langfristige Spuren am Arbeits- markt hinterlässt.","Wir wollen die Beschäftigung weiter erhöhen und damit auch verhindern, dass Corona langfristige Spuren am Arbeitsmarkt hinterlässt."
209 Mobiles Arbeiten,f216 Selbstbestimmtes Arbeiten,gruene,+,166,"Die Möglichkeit zur  Selbstbestimmung im Arbeitsleben wollen wir daher erhalten und stärken, indem wir ein Recht auf mobiles Arbeiten  einführen – mit Blick auf betriebliche Möglichkeiten, aber auch mit strikten Schutzkriterien und starkem Einfluss der  Interessenvertretungen versehen.","In der Corona-Krise wurde das Arbeiten von zu Hause zu einer weit verbreiteten Erfahrung, für viele verbunden mit mehr Eigenständigkeit und weniger Stress, wenn etwa das lange Pendeln wegfiel."
209 Mobiles Arbeiten,f217 Arbeitnehmer*innenschutz,gruene,+,167,"Die Möglichkeit zur  Selbstbestimmung im Arbeitsleben wollen wir daher erhalten und stärken, indem wir ein Recht auf mobiles Arbeiten  einführen – mit Blick auf betriebliche Möglichkeiten, aber auch mit strikten Schutzkriterien und starkem Einfluss der  Interessenvertretungen versehen.","Für andere aber auch zur echten Belastungsprobe – wenn zu Hause Arbeitszimmer, Arbeitsschutz und auch Kolleg*innen fehlen oder Arbeit entgrenzt."
703 Krisenprävention,f101 Defizite im Gesundheitssystem,gruene,+,172,Deshalb stoßen wir eine umfassende Analyse des Pandemiemanagements an.,"Die Corona-Krise hat gezeigt, dass unser Gesundheitssystem für künftige Pandemien besser gewappnet sein muss."
703 Krisenprävention,f110 öffentliche Gesundheit (E),gruene,+,176,"Um Pandemien zukünftig effektiv  und nachvollziehbar zu bekämpfen, sollen Stufen zur Eindämmung von Pandemien im Infektionsschutzgesetz defi- niert, Pandemieschutzpläne aktualisiert und soll ein unabhängiger und interdisziplinärer Pandemierat eingerichtet  werden.","Um Pandemien zukünftig effektiv und nachvollziehbar zu bekämpfen, sollen Stufen zur Eindämmung von Pandemien im Infektionsschutzgesetz definiert, Pandemieschutzpläne aktualisiert und soll ein unabhängiger und interdisziplinärer Pandemierat eingerichtet werden."
501 Europäische Krisenbekämpfung,f501 Notwendigkeit EU/Internationale Kooperation,gruene,+,184,"Daher setzen wir uns für den zügigen Aufbau von HERA ein, einer EU-Behörde, die künftig  staatliche und privatwirtschaftliche Aktivitäten besser koordinieren soll.","Auf europäischer Ebene braucht es mehr gemeinsame Strategie und Koordinierung, etwa durch die gemeinsame Planung und Nutzung medizinischer Notfallkapazitäten oder durch ein europäisches Frühwarnsystem und die gemeinsame Erhebung und Nutzung relevanter Daten."
101 bessere med. Versorgung,f110 öffentliche Gesundheit (E),gruene,+,186,"Ob der Besuch  der mobilen Zahnärzt*innen in der Schule oder die Impfaktion im Pflegeheim – für Gesundheitsförderung, die Men- schen unkompliziert erreicht, braucht es eine Stärkung des Öffentlichen Gesundheitsdienstes.","Nicht erst in der Corona-Pandemie wird sichtbar, dass wir als Gesellschaft größere Anstrengungen unternehmen müssen, um die öffentliche Gesundheit zu stärken und Menschen ein gutes Leben zu ermöglichen."
707 Bundesweite Zusammenarbeit,f110 öffentliche Gesundheit (E),gruene,+,187,"Unser Ziel ist es, im  Zusammenspiel zwischen den Gesundheitsdiensten der Länder und Kommunen, Strukturen der öffentlichen Ge- sundheitsfürsorge an Universitäten und Hochschulen und einem neu zu schaffenden Bundesinstitut für Gesundheit  gemeinsam eine starke Säule der öffentlichen Gesundheitsfürsorge aufzubauen.","Nicht erst in der Corona-Pandemie wird sichtbar, dass wir als Gesellschaft größere Anstrengungen unternehmen müssen, um die öffentliche Gesundheit zu stärken und Menschen ein gutes Leben zu ermöglichen."
214 bessere Arbeitsbedingungen,f101 Defizite im Gesundheitssystem,gruene,+,190,Diese Arbeitsbedingungen  wollen wir verbessern.,"Unterbesetzung, Überstunden, physische und psychische Überforderung sind Alltag, nicht nur in Pandemiezeiten."
714 Kommunen entlasten,f211 Finanzielle Schwierigkeiten durch Corona,gruene,+,195,"Wir werden eine faire Unterstützung bei den kommunalen Altschulden und bei gemeindlichen krisenbedingten  Steuerausfällen umsetzen, um auch hoch verschuldeten Kommunen wieder eine Perspektive zu geben.",Sie waren bereits vor der Corona-Krise finanzschwach oder verschuldet und ihr Handlungsspielraum verkleinert sich zunehmend.
305 Unterstützung für Kinder und Jugendliche,f307 Benachteiligung marginalisierter Gruppen,gruene,+,198,"Die Kinder und Jugendlichen,  die am stärksten von der Krise getroffen wurden, benötigen daher die meiste Unterstützung.","Und die Pandemie verschärft die ohnehin zu große soziale Ungleichheit: Wo Kinder und Jugendliche auf wenig Förderung von zu Hause hoffen können, wo der Zugang zu Laptops oder Tablets fehlt und kein Elternteil helfen kann, drohen sie dauerhaft den Anschluss zu verlieren."
403 Stärkung von Studierenden und Hochschulen,f307 Benachteiligung marginalisierter Gruppen,gruene,+,199,"Alle Studierenden, die durch die Pandemie in finanzielle Schwierigkeiten geraten sind, sollen im Rahmen  einer Nothilfe über das BAföG Unterstützung erhalten.",Auch die Auszubildenden und Student*innen leiden unter den Auswirkungen der Pandemie.
101 bessere med. Versorgung,f202 Innovation,gruene,+,200,"Damit Innovationen der Allgemeinheit  zugutekommen, muss für die Entwicklung auch öffentliche Infrastruktur zur Verfügung stehen.","Damit Innovationen der Allgemeinheit zugutekommen, muss für die Entwicklung auch öffentliche Infrastruktur zur Verfügung stehen."
101 bessere med. Versorgung,f110 öffentliche Gesundheit (E),gruene,+,201,"Damit Innovationen der Allgemeinheit  zugutekommen, muss für die Entwicklung auch öffentliche Infrastruktur zur Verfügung stehen.","Um die großen Krisen einzudämmen – die Klimakrise, Pandemien –, sind Kreativität, Forschungsgeist sowie die Transformation unseres Bildungs- und Wissenschaftssystems die Grundlage."
103 Ausbau Gesundheitsforschung,f102 Wichtigkeit der Impfstoffversorgung,gruene,+,202,"Sie brauchen für ihre Arbeit optimale und verlässliche Bedingungen, unnötige bürokratische Hürden sollten  wir abbauen.","Aber sie können neuartige Impf- oder alternative Antriebsstoffe, neue ökonomische Wohlstandskonzepte oder nachhaltige Geschäftsmodelle nur dann entwickeln, wenn sie eine gut ausgestattete Forschungsumgebung haben und sie Neues mit ungewissem Ausgang erforschen und ausprobieren können."
701 Entbürokratisierung,f102 Wichtigkeit der Impfstoffversorgung,gruene,+,203,"Sie brauchen für ihre Arbeit optimale und verlässliche Bedingungen, unnötige bürokratische Hürden sollten  wir abbauen.","Aber sie können neuartige Impf- oder alternative Antriebsstoffe, neue ökonomische Wohlstandskonzepte oder nachhaltige Geschäftsmodelle nur dann entwickeln, wenn sie eine gut ausgestattete Forschungsumgebung haben und sie Neues mit ungewissem Ausgang erforschen und ausprobieren können."
705 Transparenz,f708 Planungssicherheit,gruene,+,204,"Nötig ist ein verständlicher und interdisziplinärer Wissenschaftsdialog, der Wissenschaft und Gesellschaft  näher zusammenbringt – durch partizipative Formate und Förderung der Wissenschaftskommunikation.","Sie gibt eine zentrale Orientierung für politisches Handeln, das zeigen Klimakrise und Pandemie."
305 Unterstützung für Kinder und Jugendliche,f302 Kindeswohl,gruene,+,205,Wir wollen die Kinder und Jugendlichen in den Mittelpunkt  rücken.,"Die Pandemie hat tiefe Spuren hinterlassen, gerade bei Kindern, die es zu Hause auch davor schon schwerer hatten."
305 Unterstützung für Kinder und Jugendliche,f307 Benachteiligung marginalisierter Gruppen,gruene,+,206,Wir wollen die Kinder und Jugendlichen in den Mittelpunkt  rücken.,"Die Pandemie hat tiefe Spuren hinterlassen, gerade bei Kindern, die es zu Hause auch davor schon schwerer hatten."
109 mentale Gesundheit,f302 Kindeswohl,gruene,+,207,"Dafür bauen wir Sport-, Erlebnis-, und Kulturangebote aus und stärken die Beratung und Einzelfall- hilfe für Schüler*innen sowie die Vermittlung von Wissen zur psychischen Gesundheit und zu Krisen an Schulen.","Die Pandemie hat tiefe Spuren hinterlassen, gerade bei Kindern, die es zu Hause auch davor schon schwerer hatten."
109 mentale Gesundheit,f307 Benachteiligung marginalisierter Gruppen,gruene,+,208,"Dafür bauen wir Sport-, Erlebnis-, und Kulturangebote aus und stärken die Beratung und Einzelfall- hilfe für Schüler*innen sowie die Vermittlung von Wissen zur psychischen Gesundheit und zu Krisen an Schulen.","Die Pandemie hat tiefe Spuren hinterlassen, gerade bei Kindern, die es zu Hause auch davor schon schwerer hatten."
305 Unterstützung für Kinder und Jugendliche,f302 Kindeswohl,gruene,+,209,"Dafür bauen wir Sport-, Erlebnis-, und Kulturangebote aus und stärken die Beratung und Einzelfall- hilfe für Schüler*innen sowie die Vermittlung von Wissen zur psychischen Gesundheit und zu Krisen an Schulen.","Die Pandemie hat tiefe Spuren hinterlassen, gerade bei Kindern, die es zu Hause auch davor schon schwerer hatten."
305 Unterstützung für Kinder und Jugendliche,f307 Benachteiligung marginalisierter Gruppen,gruene,+,210,"Dafür bauen wir Sport-, Erlebnis-, und Kulturangebote aus und stärken die Beratung und Einzelfall- hilfe für Schüler*innen sowie die Vermittlung von Wissen zur psychischen Gesundheit und zu Krisen an Schulen.","Die Pandemie hat tiefe Spuren hinterlassen, gerade bei Kindern, die es zu Hause auch davor schon schwerer hatten."
405 Ausbau von Bildungs- und Betreuungsangeboten,f302 Kindeswohl,gruene,+,211,"Dafür bauen wir Sport-, Erlebnis-, und Kulturangebote aus und stärken die Beratung und Einzelfall- hilfe für Schüler*innen sowie die Vermittlung von Wissen zur psychischen Gesundheit und zu Krisen an Schulen.","Die Pandemie hat tiefe Spuren hinterlassen, gerade bei Kindern, die es zu Hause auch davor schon schwerer hatten."
405 Ausbau von Bildungs- und Betreuungsangeboten,f307 Benachteiligung marginalisierter Gruppen,gruene,+,212,"Dafür bauen wir Sport-, Erlebnis-, und Kulturangebote aus und stärken die Beratung und Einzelfall- hilfe für Schüler*innen sowie die Vermittlung von Wissen zur psychischen Gesundheit und zu Krisen an Schulen.","Die Pandemie hat tiefe Spuren hinterlassen, gerade bei Kindern, die es zu Hause auch davor schon schwerer hatten."
903 Sportangebote ausbauen,f302 Kindeswohl,gruene,+,213,"Dafür bauen wir Sport-, Erlebnis-, und Kulturangebote aus und stärken die Beratung und Einzelfall- hilfe für Schüler*innen sowie die Vermittlung von Wissen zur psychischen Gesundheit und zu Krisen an Schulen.","Die Pandemie hat tiefe Spuren hinterlassen, gerade bei Kindern, die es zu Hause auch davor schon schwerer hatten."
903 Sportangebote ausbauen,f307 Benachteiligung marginalisierter Gruppen,gruene,+,214,"Dafür bauen wir Sport-, Erlebnis-, und Kulturangebote aus und stärken die Beratung und Einzelfall- hilfe für Schüler*innen sowie die Vermittlung von Wissen zur psychischen Gesundheit und zu Krisen an Schulen.","Die Pandemie hat tiefe Spuren hinterlassen, gerade bei Kindern, die es zu Hause auch davor schon schwerer hatten."
702 Digitalisierung,f401 Defizite in Digitalisierung,gruene,+,218,"Das  wollen wir ändern: mit einer zeitgemäßen, datenschutzfreundlichen digitalen Ausstattung und mit Strukturen, die  die Schulen beim digitalen Lehren und Lernen wirkungsvoll unterstützen – mit kontinuierlichen Fort- und Weiter- bildungsangeboten für das pädagogische Fachpersonal sowie einem zentralen Ort der Beratung und des Austauschs  zur Bildung in einer digitalen Welt.","Allerdings hat die Pandemie gezeigt, dass es schon an den Grundlagen fehlt, auch im Vergleich mit anderen Ländern."
405 Ausbau von Bildungs- und Betreuungsangeboten,f209 Erwerbslosigkeit,gruene,+,219,Wir tre- ten daher für einen individuellen Rechtsanspruch auf Weiterbildung und Qualifizierung ein.,"durch die Corona-Pandemie ist bei vielen die Notwendigkeit entstanden, sich neue Arbeitsfelder zu erschließen."
301 Respekt für Freiheitsrechte,f401 Defizite in Digitalisierung,gruene,+,223,"Unser Ziel  ist ein moderner, engagierter Staat, der mit einer effizienten, zugänglichen Verwaltung transparent, offen und in der  Lage ist, Krisen effektiv zu managen, digitale Teilhabe zu sichern und es den Bürger*innen insgesamt leicht macht,  ihren Alltag zu bewältigen und ihre Rechte in Anspruch zu nehmen.","Die Pandemie hat etliche Defizite bei ihrer Bekämpfung wie unter dem Brennglas offenbart: Faxgeräte im Dauerbetrieb, fehlendes Personal und überbordende Bürokratie verhindern ein effektives staatliches Handeln."
301 Respekt für Freiheitsrechte,f702 Bürokratie,gruene,+,224,"Unser Ziel  ist ein moderner, engagierter Staat, der mit einer effizienten, zugänglichen Verwaltung transparent, offen und in der  Lage ist, Krisen effektiv zu managen, digitale Teilhabe zu sichern und es den Bürger*innen insgesamt leicht macht,  ihren Alltag zu bewältigen und ihre Rechte in Anspruch zu nehmen.","Die Pandemie hat etliche Defizite bei ihrer Bekämpfung wie unter dem Brennglas offenbart: Faxgeräte im Dauerbetrieb, fehlendes Personal und überbordende Bürokratie verhindern ein effektives staatliches Handeln."
301 Respekt für Freiheitsrechte,f705 Personalmangel,gruene,+,225,"Unser Ziel  ist ein moderner, engagierter Staat, der mit einer effizienten, zugänglichen Verwaltung transparent, offen und in der  Lage ist, Krisen effektiv zu managen, digitale Teilhabe zu sichern und es den Bürger*innen insgesamt leicht macht,  ihren Alltag zu bewältigen und ihre Rechte in Anspruch zu nehmen.","Die Pandemie hat etliche Defizite bei ihrer Bekämpfung wie unter dem Brennglas offenbart: Faxgeräte im Dauerbetrieb, fehlendes Personal und überbordende Bürokratie verhindern ein effektives staatliches Handeln."
701 Entbürokratisierung,f401 Defizite in Digitalisierung,gruene,+,226,"Unser Ziel  ist ein moderner, engagierter Staat, der mit einer effizienten, zugänglichen Verwaltung transparent, offen und in der  Lage ist, Krisen effektiv zu managen, digitale Teilhabe zu sichern und es den Bürger*innen insgesamt leicht macht,  ihren Alltag zu bewältigen und ihre Rechte in Anspruch zu nehmen.","Die Pandemie hat etliche Defizite bei ihrer Bekämpfung wie unter dem Brennglas offenbart: Faxgeräte im Dauerbetrieb, fehlendes Personal und überbordende Bürokratie verhindern ein effektives staatliches Handeln."
701 Entbürokratisierung,f702 Bürokratie,gruene,+,227,"Unser Ziel  ist ein moderner, engagierter Staat, der mit einer effizienten, zugänglichen Verwaltung transparent, offen und in der  Lage ist, Krisen effektiv zu managen, digitale Teilhabe zu sichern und es den Bürger*innen insgesamt leicht macht,  ihren Alltag zu bewältigen und ihre Rechte in Anspruch zu nehmen.","Die Pandemie hat etliche Defizite bei ihrer Bekämpfung wie unter dem Brennglas offenbart: Faxgeräte im Dauerbetrieb, fehlendes Personal und überbordende Bürokratie verhindern ein effektives staatliches Handeln."
701 Entbürokratisierung,f705 Personalmangel,gruene,+,228,"Unser Ziel  ist ein moderner, engagierter Staat, der mit einer effizienten, zugänglichen Verwaltung transparent, offen und in der  Lage ist, Krisen effektiv zu managen, digitale Teilhabe zu sichern und es den Bürger*innen insgesamt leicht macht,  ihren Alltag zu bewältigen und ihre Rechte in Anspruch zu nehmen.","Die Pandemie hat etliche Defizite bei ihrer Bekämpfung wie unter dem Brennglas offenbart: Faxgeräte im Dauerbetrieb, fehlendes Personal und überbordende Bürokratie verhindern ein effektives staatliches Handeln."
702 Digitalisierung,f401 Defizite in Digitalisierung,gruene,+,229,"Unser Ziel  ist ein moderner, engagierter Staat, der mit einer effizienten, zugänglichen Verwaltung transparent, offen und in der  Lage ist, Krisen effektiv zu managen, digitale Teilhabe zu sichern und es den Bürger*innen insgesamt leicht macht,  ihren Alltag zu bewältigen und ihre Rechte in Anspruch zu nehmen.","Die Pandemie hat etliche Defizite bei ihrer Bekämpfung wie unter dem Brennglas offenbart: Faxgeräte im Dauerbetrieb, fehlendes Personal und überbordende Bürokratie verhindern ein effektives staatliches Handeln."
702 Digitalisierung,f702 Bürokratie,gruene,+,230,"Unser Ziel  ist ein moderner, engagierter Staat, der mit einer effizienten, zugänglichen Verwaltung transparent, offen und in der  Lage ist, Krisen effektiv zu managen, digitale Teilhabe zu sichern und es den Bürger*innen insgesamt leicht macht,  ihren Alltag zu bewältigen und ihre Rechte in Anspruch zu nehmen.","Die Pandemie hat etliche Defizite bei ihrer Bekämpfung wie unter dem Brennglas offenbart: Faxgeräte im Dauerbetrieb, fehlendes Personal und überbordende Bürokratie verhindern ein effektives staatliches Handeln."
702 Digitalisierung,f705 Personalmangel,gruene,+,231,"Unser Ziel  ist ein moderner, engagierter Staat, der mit einer effizienten, zugänglichen Verwaltung transparent, offen und in der  Lage ist, Krisen effektiv zu managen, digitale Teilhabe zu sichern und es den Bürger*innen insgesamt leicht macht,  ihren Alltag zu bewältigen und ihre Rechte in Anspruch zu nehmen.","Die Pandemie hat etliche Defizite bei ihrer Bekämpfung wie unter dem Brennglas offenbart: Faxgeräte im Dauerbetrieb, fehlendes Personal und überbordende Bürokratie verhindern ein effektives staatliches Handeln."
705 Transparenz,f401 Defizite in Digitalisierung,gruene,+,232,"Unser Ziel  ist ein moderner, engagierter Staat, der mit einer effizienten, zugänglichen Verwaltung transparent, offen und in der  Lage ist, Krisen effektiv zu managen, digitale Teilhabe zu sichern und es den Bürger*innen insgesamt leicht macht,  ihren Alltag zu bewältigen und ihre Rechte in Anspruch zu nehmen.","Die Pandemie hat etliche Defizite bei ihrer Bekämpfung wie unter dem Brennglas offenbart: Faxgeräte im Dauerbetrieb, fehlendes Personal und überbordende Bürokratie verhindern ein effektives staatliches Handeln."
705 Transparenz,f702 Bürokratie,gruene,+,233,"Unser Ziel  ist ein moderner, engagierter Staat, der mit einer effizienten, zugänglichen Verwaltung transparent, offen und in der  Lage ist, Krisen effektiv zu managen, digitale Teilhabe zu sichern und es den Bürger*innen insgesamt leicht macht,  ihren Alltag zu bewältigen und ihre Rechte in Anspruch zu nehmen.","Die Pandemie hat etliche Defizite bei ihrer Bekämpfung wie unter dem Brennglas offenbart: Faxgeräte im Dauerbetrieb, fehlendes Personal und überbordende Bürokratie verhindern ein effektives staatliches Handeln."
705 Transparenz,f705 Personalmangel,gruene,+,234,"Unser Ziel  ist ein moderner, engagierter Staat, der mit einer effizienten, zugänglichen Verwaltung transparent, offen und in der  Lage ist, Krisen effektiv zu managen, digitale Teilhabe zu sichern und es den Bürger*innen insgesamt leicht macht,  ihren Alltag zu bewältigen und ihre Rechte in Anspruch zu nehmen.","Die Pandemie hat etliche Defizite bei ihrer Bekämpfung wie unter dem Brennglas offenbart: Faxgeräte im Dauerbetrieb, fehlendes Personal und überbordende Bürokratie verhindern ein effektives staatliches Handeln."
103 Ausbau Gesundheitsforschung,f704 Fehlende Daten,gruene,+,235,"Wir wollen  das ändern und zeitnah Daten der Forschung, den politischen Entscheidungsträger*innen und der Zivilgesellschaft  zur Verfügung stellen.","Auch die Corona-Krise hat wieder einmal gezeigt, dass Deutschland bei der Verfügbarkeit von Daten weit hinter vergleichbaren Ländern zurückliegt."
703 Krisenprävention,f110 öffentliche Gesundheit (E),gruene,+,247,"Wir wollen, dass sich der Bund hier stärker engagiert und das Bundes- amt für Bevölkerungsschutz und Katastrophenhilfe mehr Kompetenzen bekommt.","Gerade länderübergreifende Katastrophen, wie Pandemien, Hochwasserereignisse, Waldbrände oder flächendeckende Stromausfälle, haben ein enormes Schadenspotenzial und erfordern koordiniertes Handeln, wenn einzelne Länder an ihre Grenzen stoßen."
703 Krisenprävention,f110 öffentliche Gesundheit (E),gruene,+,248,"Außerdem setzen wir uns für eine Stärkung des gesundheitlichen Bevölkerungsschutzes ein, um die in- terdisziplinäre Bekämpfung von zukünftigen Pandemien sicherzustellen.","Außerdem setzen wir uns für eine Stärkung des gesundheitlichen Bevölkerungsschutzes ein, um die interdisziplinäre Bekämpfung von zukünftigen Pandemien sicherzustellen."
213 Mindestsicherung,f307 Benachteiligung marginalisierter Gruppen,gruene,+,251,"Für eine  vielfältige Kulturlandschaft braucht es eine Absicherung, die Freiräume bietet und künstlerisches und kreatives  Schaffen ermöglicht.","Die Corona-Krise zeigt, unter welch prekären Bedingungen viele Kultur- und Medienschaffende arbeiten."
302 Kultur- und Kreativwirtschaft,f307 Benachteiligung marginalisierter Gruppen,gruene,+,252,"Für eine  vielfältige Kulturlandschaft braucht es eine Absicherung, die Freiräume bietet und künstlerisches und kreatives  Schaffen ermöglicht.","Die Corona-Krise zeigt, unter welch prekären Bedingungen viele Kultur- und Medienschaffende arbeiten."
503 Internationale Kooperation,f506 Globalität der Krise,gruene,+,255,Armutsbekämpfung und  gerechte Teilhabe sind zentrale Ziele unseres internationalen Engagements.,Durch die Corona-Pandemie sind Armut und Ungleichheit weltweit dramatisch angestiegen.
505 WHO stärken,f110 öffentliche Gesundheit (E),gruene,+,258,Dazu wollen  wir sie mit deutlich höheren Beiträgen und einem klaren Mandat befähigen.,"Sie soll Gesundheitssysteme weltweit stärken können, damit eine bessere Versorgung lokaler Bevölkerungen sichergestellt ist und die Prävention gegen nichtübertragbare wie übertragbare Krankheiten, deren Diagnose und die Reaktion darauf verbessert werden."
514 Reform int. Währungssystem,f507 defizitäre Währungsordnung,gruene,+,265,Unser Ziel bleibt langfristig der Aufbau eines kooperativen Weltwährungs- systems.,Die Corona-Krise führt in vielen Ländern des globalen Südens zu Kapitalflucht und Währungskrisen und offenbart so die Schwächen der Währungsordnung.
701 Entbürokratisierung,f702 Bürokratie,gruene,+,267,"Wir wollen unsere Verwaltung modernisie- ren, sie kreativer, digitaler und innovativer machen und besser ausstatten.","Faxgeräte, besetzte Hotlines, Behördenrennerei und Planungen, die wegen Personalmangels eine gefühlte Ewigkeit nicht umgesetzt werden, mahnen uns, dass sich etwas ändern muss."
701 Entbürokratisierung,f705 Personalmangel,gruene,+,268,"Wir wollen unsere Verwaltung modernisie- ren, sie kreativer, digitaler und innovativer machen und besser ausstatten.","Faxgeräte, besetzte Hotlines, Behördenrennerei und Planungen, die wegen Personalmangels eine gefühlte Ewigkeit nicht umgesetzt werden, mahnen uns, dass sich etwas ändern muss."
702 Digitalisierung,f702 Bürokratie,gruene,+,269,"Wir wollen unsere Verwaltung modernisie- ren, sie kreativer, digitaler und innovativer machen und besser ausstatten.","Faxgeräte, besetzte Hotlines, Behördenrennerei und Planungen, die wegen Personalmangels eine gefühlte Ewigkeit nicht umgesetzt werden, mahnen uns, dass sich etwas ändern muss."
702 Digitalisierung,f705 Personalmangel,gruene,+,270,"Wir wollen unsere Verwaltung modernisie- ren, sie kreativer, digitaler und innovativer machen und besser ausstatten.","Faxgeräte, besetzte Hotlines, Behördenrennerei und Planungen, die wegen Personalmangels eine gefühlte Ewigkeit nicht umgesetzt werden, mahnen uns, dass sich etwas ändern muss."
710 Förderalismus reformieren,f709 Zusammenarbeit,gruene,+,271,"Weil sozial-ökologische Transformation und Digitalisierung, die Modernisierung des Staates und des öffentlichen  Dienstes nur als Gemeinschaftsprojekte gelingen, wollen wir einen Konvent auf den Weg bringen, um aufbauend auf  den Lehren aus der Pandemie das Zusammenspiel von Bund, Ländern und Kommunen neu und tiefgreifend zu justie- ren.","Weil sozial-ökologische Transformation und Digitalisierung, die Modernisierung des Staates und des öffentlichen Dienstes nur als Gemeinschaftsprojekte gelingen, wollen wir einen Konvent auf den Weg bringen, um aufbauend auf den Lehren aus der Pandemie das Zusammenspiel von Bund, Ländern und Kommunen neu und tiefgreifend zu justieren."
719 regionale Produktion und Entwicklung,f207 Globalisierung,gruene,+,272,"Wir wollen die regionale Erzeugung, Verarbeitung und Vermarktung stärken und so  dem Betriebesterben der letzten Jahre entgegentreten.","Gleichzeitig hat uns die Corona-Krise vor Augen geführt, wie wichtig regional funktionierende Lieferketten sind."
801 Ganzheitlicher Ansatz der Pandemiebekämpfung,f802 Zoonosen,gruene,+,273,"Wildtierhandel an die Leine legen Die Covid-19-Pandemie hat deutlich gemacht, dass die Gesundheit von Umwelt, Tier und Mensch zusammengedacht  werden und dieser Planetary-Health-Ansatz zum Prinzip unseres Handelns werden muss.","Die Pandemie basiert auf einer Zoonose, einer vom Tier auf den Menschen übertragenen Infektionskrankheit."
801 Ganzheitlicher Ansatz der Pandemiebekämpfung,f802 Zoonosen,gruene,+,274,Dem gilt es überall auf der  Welt entgegenzuwirken.,"Solche Krankheiten werden immer häufiger, sie werden durch die fortschreitende Zerstörung der Natur und das Vordringen der Menschen in die letzten natürlichen Lebensräume begünstigt."
801 Ganzheitlicher Ansatz der Pandemiebekämpfung,f802 Zoonosen,gruene,+,276,Die Tierhaltung ist deshalb auch an den Notwendigkeiten zur Eindämmung  möglicher Zoonosen auszurichten.,"Auch die industrielle Tierhaltung kann zu Pandemien beitragen, wie sich an coronainfizierten Nerzen gezeigt hat."
201 freie Marktwirtschaft,f203 Austeritätspolitik,spd,-,277,"In der Corona-Krise wird einmal mehr überaus deutlich, dass Gewinnmaximierung und Kosten- minimierung nicht das Maß aller Dinge sein dürfen.","In der Corona-Krise wird einmal mehr überaus deutlich, dass Gewinnmaximierung und Kostenminimierung nicht das Maß aller Dinge sein dürfen."
101 bessere med. Versorgung,f107 Abwanderung Medizinindustrie,spd,+,278,Update für die Gesundheit     Der Gesundheitssektor braucht wieder mehr politische Aufmerksamkeit und Reformen.,"Durch die Corona-Krise wurde deutlich, dass die Abwanderung der Arzneimittelproduktion ins Ausland und die damit zunehmende Abhängigkeit zu Lieferengpässen oder gar Versorgungsengpässen führen kann."
101 bessere med. Versorgung,f207 Globalisierung,spd,+,279,Update für die Gesundheit     Der Gesundheitssektor braucht wieder mehr politische Aufmerksamkeit und Reformen.,"Durch die Corona-Krise wurde deutlich, dass die Abwanderung der Arzneimittelproduktion ins Ausland und die damit zunehmende Abhängigkeit zu Lieferengpässen oder gar Versorgungsengpässen führen kann."
101 bessere med. Versorgung,f202 Innovation,spd,+,280,"Deutschland muss wieder seine Innovationskraft einsetzen, um neue Therapieoptionen zu finden.","Dass die gezielte Förderung von Innovationen und neuen Methoden erfolgreich sein kann, hat aktuell das Beispiel BioNtech gezeigt."
214 bessere Arbeitsbedingungen,f101 Defizite im Gesundheitssystem,spd,+,286,"Die Corona-Krise hat gezeigt: Der öffentliche Gesundheitsdienst braucht bessere Rahmenbedin- gungen, eine bessere Ausstattung, auch mit Blick auf die digitale Infrastruktur – Hardware eben- so wie Software, und eine konkurrenzfähige Vergütung.","Die Corona-Krise hat gezeigt: Der öffentliche Gesundheitsdienst braucht bessere Rahmenbedingungen, eine bessere Ausstattung, auch mit Blick auf die digitale Infrastruktur – Hardware ebenso wie Software, und eine konkurrenzfähige Vergütung."
702 Digitalisierung,f101 Defizite im Gesundheitssystem,spd,+,287,"Die Corona-Krise hat gezeigt: Der öffentliche Gesundheitsdienst braucht bessere Rahmenbedin- gungen, eine bessere Ausstattung, auch mit Blick auf die digitale Infrastruktur – Hardware eben- so wie Software, und eine konkurrenzfähige Vergütung.","Die Corona-Krise hat gezeigt: Der öffentliche Gesundheitsdienst braucht bessere Rahmenbedingungen, eine bessere Ausstattung, auch mit Blick auf die digitale Infrastruktur – Hardware ebenso wie Software, und eine konkurrenzfähige Vergütung."
314 marginalisierte Gruppen unterstützen,f101 Defizite im Gesundheitssystem,spd,+,288,"Dann kann auch dessen sozialpolitisch  wichtigste Aufgabe, die wirtschaftlich Schwächeren in Gesundheitsfragen zu unterstützen, besser  gemeistert werden.","Die Corona-Krise hat gezeigt: Der öffentliche Gesundheitsdienst braucht bessere Rahmenbedingungen, eine bessere Ausstattung, auch mit Blick auf die digitale Infrastruktur – Hardware ebenso wie Software, und eine konkurrenzfähige Vergütung."
204 Schulden (allgemein),f211 Finanzielle Schwierigkeiten durch Corona,spd,+,295,Eine Politik  der Austerität nach der Krise wäre ein völlig falscher Weg.,"Während die Steuereinnahmen zurückgehen, sind die staatlichen Ausgaben gestiegen."
213 Mindestsicherung,f305 Relevanz Sozialstaat,spd,+,300,"Unser Ziel ist, alle Beschäftigungsverhältnisse in die soziale Sicherung einzubeziehen.","Die Corona-Krise hat erneut gezeigt, dass die soziale Sicherung der Minijobs unzureichend ist."
214 bessere Arbeitsbedingungen,f208 Sozialleistungen zu niedrig,spd,+,301,"Um die Nettoeinkommen von gering Verdienenden zu erhö- hen, heben wir die Gleitzone der Midi-Jobs auf 1.600 Euro an.","Um die Nettoeinkommen von gering Verdienenden zu erhöhen, heben wir die Gleitzone der Midi-Jobs auf 1.600 Euro an."
214 bessere Arbeitsbedingungen,f214 Systemrelevanz,spd,+,303,Wir wollen die Lohn- und  Arbeitsbedingungen in der Altenpflege und Pflege von Menschen mit Behinderung schnell verbes- sern.,"Corona hat ein Schlaglicht darauf geworfen, wie groß bei manchen Berufsgruppen die Lücke zwischen Wert und Lohn ist."
214 bessere Arbeitsbedingungen,f101 Defizite im Gesundheitssystem,spd,+,308,"Soziale  Arbeit aufwerten heißt für uns auch, dass die Arbeits- und Stressbelastung gesenkt werden muss.",Es gibt einen gewaltigen Personalmangel in den Krankenhäusern und Pflegeeinrichtungen.
718 personelle Verstärkung,f217 Arbeitnehmer*innenschutz,spd,+,309,"Wir werden deshalb den Vorschlag eines neuen, bundesweiten und einheitlichen Personalbemes- sungsrahmens voranbringen.","Soziale Arbeit aufwerten heißt für uns auch, dass die Arbeits- und Stressbelastung gesenkt werden muss."
222 Privatisierungen verhindern,f214 Systemrelevanz,spd,+,311,Eine Zerschlagung der Deutschen Post und eine vollständige Privatisierung werden  wir verhindern und unfaire Wettbewerbsvorteile von Digitalkonzernen auch in diesem Bereich  beseitigen.,"Die Krise hat gezeigt, wie unverzichtbar und wichtig funktionierende Postdienste und Paketdienste für die Daseinsvorsorge in Deutschland sind."
209 Mobiles Arbeiten,f219 außergewöhnliche Verhältnisse,spd,+,312,Wir werden einen Rechtsanspruch auf mobile Arbeit einführen.,"Die Corona-Krise hat Teile der Arbeitswelt auf den Kopf gestellt, das Homeoffice hat an Bedeutung gewonnen."
213 Mindestsicherung,f211 Finanzielle Schwierigkeiten durch Corona,spd,+,314,"Wir werden darum Solo-Selbständige, dar- unter sind beispielsweise viele Künstler*innen, Autor*innen, Maler*innen, Übersetzer*innen, Ent- wickler*innen, besser absichern.","Die CoronaKrise hat uns deutlicher denn je vor Augen geführt, wie schnell man ohne eigenes Zutun in Not gerät und wie schnell Rücklagen aufgebraucht sind."
213 Mindestsicherung,f211 Finanzielle Schwierigkeiten durch Corona,spd,+,315,"Dafür werden wir die Absicherung in der Künstlersozialversiche- rung ebenso wie in der Renten-, Kranken- und Arbeitslosenversicherung verbessern.","Die CoronaKrise hat uns deutlicher denn je vor Augen geführt, wie schnell man ohne eigenes Zutun in Not gerät und wie schnell Rücklagen aufgebraucht sind."
101 bessere med. Versorgung,f901 Einsamkeit durch Corona,spd,+,317,Wir werden ihr auf den verschiedenen Ebenen entgegenwirken.,Nicht erst die Corona Pandemie hat Einsamkeit als eine große gesellschaftliche Herausforderung deutlich sichtbar gemacht.
109 mentale Gesundheit,f110 öffentliche Gesundheit (E),spd,+,318,Wir werden ihr auf den verschiedenen Ebenen entgegenwirken.,Das seelische Wohl aller Bürger*innen ist so wichtig wie die materielle Versorgung.
904 Städte neu gestalten,f904 Strukturwandel Städte,spd,+,319,Die gemeinsam mit den Ländern getragene Städtebau- förderung sichern wir ab.,Die Corona-Pandemie verstärkt die Strukturveränderungen in unseren Innenstädten und Stadtteilzentren.
904 Städte neu gestalten,f904 Strukturwandel Städte,spd,+,320,"Wir unterstützen die Städte dabei, die Innenstädte lebendig zu halten  und notwendige Nutzungsänderungen mitgestalten zu können, unter anderem durch eine Miet- preisbegrenzung, einen Mieterschutz im Gewerbeimmobilienbereich, durch Konzepte zur Re- vitalisierung von Standorten und die Förderung von Co-Working-Spaces in den Innenstädten.",Die Corona-Pandemie verstärkt die Strukturveränderungen in unseren Innenstädten und Stadtteilzentren.
902 Gleichberechtigung,f306 Geschlechtsspezifische Ungleichheit,spd,+,321,"Wir treten dafür an, dass Familien mehr Zeit füreinander haben, und dass es einfacher wird,  Erwerbs- und Sorgearbeit gerechter zwischen allen Geschlechtern aufzuteilen, und Alleinerziehen- de besser unterstützt werden.","In der Krise ist erneut deutlich geworden, dass Fürsorgearbeit überwiegend von Frauen geleistet wird."
311 Kinderkrankentage,f205 Vereinbarkeit von Familie und Beruf,spd,+,322,"Die dritte Säule ist die dauerhafte Ausweitung der pandemiebedingt erhöhten Kinderkranken- tage auf 20 Tage pro Kind, Jahr und Elternteil (als „Elterngeld akut“) - bei mehr als zwei Kindern  maximal 45 Tage pro Elternteil und 90 Tage für Alleinerziehende.","Kinderkrankentage waren schon vor Corona oft zu knapp - gerade bei jüngeren Kindern, die in den ersten Kita-Jahren häufig krank werden."
314 marginalisierte Gruppen unterstützen,f307 Benachteiligung marginalisierter Gruppen,spd,+,323,Aus diesem Grund starten wir die Bundesinitiative Chancengleichheit in der Bildung.,Durch die Einschränkung des Präsenzunterrichts während der Pandemie droht sich die Verbindung von Bildungserfolg und Familienhintergrund zu verfestigen und Bildungsbenachteiligungen zu verstärken.
902 Gleichberechtigung,f306 Geschlechtsspezifische Ungleichheit,spd,+,324,Wir wollen ein Jahrzehnt der Gleichstellung.,Die Pandemie hat erneut die immer noch ungleichen Chancen von Frauen und Männern gezeigt.
902 Gleichberechtigung,f306 Geschlechtsspezifische Ungleichheit,spd,+,325,"Sie ist eine Querschnittsaufgabe, die alle Bereiche durch- ziehen muss: Familienpolitik, Arbeitsmarktpolitik, Sozialpolitik, Bildungs- und Rechtspolitik – aber  auch Haushalts- und Finanzpolitik.",Die Pandemie hat erneut die immer noch ungleichen Chancen von Frauen und Männern gezeigt.
707 Bundesweite Zusammenarbeit,f401 Defizite in Digitalisierung,spd,+,327,"Wir setzen uns daher für eine stärkere Vernetzung und Zusammen- arbeit zwischen den Akteuren ein, insbesondere aus den Bereichen Medien, Kultur und Bildung.","Die Corona-Krise hat sehr deutlich gezeigt: Der Bedarf an digital verfügbaren Medien, Bildungsund Kulturinhalten ist groß."
214 bessere Arbeitsbedingungen,f214 Systemrelevanz,spd,+,328,"Die Kassierer*innen im Supermarkt, die Busfahrer*innen, Reinigungskräfte, Pflegekräfte und  Erzieher*innen verdienen mehr Anerkennung – die sich auch in guten Einkommen und Arbeitsbe- dingungen niederschlägt.","Die Corona-Krise hat uns allen in Deutschland vor Augen geführt, wie sehr wir in unserem Alltag auf die Arbeit derjenigen angewiesen sind, deren Einkommen bislang oft nur knapp zum Leben reicht."
213 Mindestsicherung,f305 Relevanz Sozialstaat,spd,+,329,"Wir be- mühen uns, die wirtschaftlichen und sozialen Folgen der Krise bestmöglich durch verschiedene  Maßnahmen abzumildern, etwa durch ein tragfähiges Kurzarbeitergeld.","Wie wertvoll ein funktionierender Sozialstaat ist, haben wir in der Corona-Krise erlebt."
504 Europäische Gesundheitsunion,f101 Defizite im Gesundheitssystem,spd,+,333,"Wir werden eine  souveräne Europäische Gesundheitsunion mit einer starken und widerstandsfähigen Gesundheits- wirtschaft in Europa schaffen, indem wir Mindeststandards in der Gesundheitsversorgung garan- tieren, einen starken Katastrophenschutzmechanismus etablieren und die gemeinsame Forschung  und Beschaffung wichtiger medizinischer Güter fördern.",Die Pandemie hat die Verwundbarkeit unseres Gesundheitssystems offengelegt.
501 Europäische Krisenbekämpfung,f506 Globalität der Krise,spd,+,334,"Um auf grenzüberschreitende Gesund- heitsgefahren in Zukunft besser reagieren zu können, brauchen wir krisenfeste europäische Ge- sundheitsbehörden, die mit weitreichenden Kompetenzen und Ressourcen ausgestattet werden.","Um auf grenzüberschreitende Gesundheitsgefahren in Zukunft besser reagieren zu können, brauchen wir krisenfeste europäische Gesundheitsbehörden, die mit weitreichenden Kompetenzen und Ressourcen ausgestattet werden."
503 Internationale Kooperation,f506 Globalität der Krise,spd,+,336,"Wir werden multilaterales Handeln wiederbeleben und stärken, auch in Part- nerschaft mit der Zivilgesellschaft und Nichtregierungsorganisationen, denn Pandemien, globale  Wirtschaft-, Finanz- und Entwicklungskrisen sowie die Folgen der Erderwärmung sind Herausfor- derung, die nur gemeinsam gelöst werden können.","Wir werden multilaterales Handeln wiederbeleben und stärken, auch in Partnerschaft mit der Zivilgesellschaft und Nichtregierungsorganisationen, denn Pandemien, globale Wirtschaft-, Finanz- und Entwicklungskrisen sowie die Folgen der Erderwärmung sind Herausforderung, die nur gemeinsam gelöst werden können."
505 WHO stärken,f102 Wichtigkeit der Impfstoffversorgung,spd,+,338,Wir  setzen uns daher für die finanzielle und substanzielle Förderung der globalen Corona-Impfkampa- gne der Weltgesundheitsorganisation (COVAX) ein.,"Die Krise ist erst vorbei, wenn es global genügend Impfstoff gibt."
505 WHO stärken,f506 Globalität der Krise,spd,+,339,Wir  setzen uns daher für die finanzielle und substanzielle Förderung der globalen Corona-Impfkampa- gne der Weltgesundheitsorganisation (COVAX) ein.,"Die Krise ist erst vorbei, wenn es global genügend Impfstoff gibt."
708 faire Impfstoffversorgung,f102 Wichtigkeit der Impfstoffversorgung,spd,+,340,Wir  setzen uns daher für die finanzielle und substanzielle Förderung der globalen Corona-Impfkampa- gne der Weltgesundheitsorganisation (COVAX) ein.,"Die Krise ist erst vorbei, wenn es global genügend Impfstoff gibt."
708 faire Impfstoffversorgung,f506 Globalität der Krise,spd,+,341,Wir  setzen uns daher für die finanzielle und substanzielle Förderung der globalen Corona-Impfkampa- gne der Weltgesundheitsorganisation (COVAX) ein.,"Die Krise ist erst vorbei, wenn es global genügend Impfstoff gibt."
503 Internationale Kooperation,f307 Benachteiligung marginalisierter Gruppen,spd,+,346,"Als reiches Industrieland werden wir unser Engagement für humanitäre Hilfe  weiterhin an den steigenden humanitären Bedarfen orientieren und daran arbeiten, die Basis der  internationalen Geber zu stärken und auszuweiten.","Menschen, die durch Konflikte, Epidemien oder Naturkatastrophen in Not geraten sind, bedürfen unserer Hilfe."
514 Reform int. Währungssystem,f211 Finanzielle Schwierigkeiten durch Corona,spd,+,347,"Wir unterstützen eine Initiative für ein globales Staatenin- solvenzverfahren, das staatliche und vor allem private Gläubiger miteinbezieht und das Schulden- erlasse für besonders gefährdete Ländergruppen formuliert und umsetzt.","Viele Länder befanden sich schon vor der Corona-Pandemie in einer Schuldenkrise, die jetzt noch vergrößert wird."
214 bessere Arbeitsbedingungen,f101 Defizite im Gesundheitssystem,linke,+,352,"All jene, die in den Krankenhäusern   jetzt dafür einstehen, jeden Tag, Stunde um   Stunde, dass nicht noch mehr Menschen der   Pandemie zum Opfer fallen, brauchen bes-  sere Arbeitszeiten, und sie brauchen mehr   Lohn.",Die Coronapandemie hat die Krise unserer Infrastruktur und der öffentlichen Daseins vorsorge offengelegt.
214 bessere Arbeitsbedingungen,f209 Erwerbslosigkeit,linke,+,355,"Wir wollen   staatliche Unterstützung an Garantien für   Arbeitsplätze und Tarifverträge binden – und   zugleich Weichen für eine bessere Zukunft   stellen, für sichere Arbeitsplätze und eine   funktionierende öffentliche Infrastruktur.","Arbeitsplätze in der Krise verteidigen und gut bezahlte, klimagerechte Arbeit schaffen: Als Folge der Pandemie drohen in vielen Branchen Entlassungen und Kahlschlag in den Innenstädten."
216 staatliche Investionen,f209 Erwerbslosigkeit,linke,+,356,"Wir wollen mit einem Investitionspro-  gramm die Ausstattung von Bildung,    Er ziehung, Gesundheit und Pflege deutlich   ausbauen und mehr Personal einstellen.",So können wir einen Kahl schlag als Folge des Lockdowns verhindern – und zugleich die Weichen für die Zukunft stellen.
718 personelle Verstärkung,f209 Erwerbslosigkeit,linke,+,357,"Wir wollen mit einem Investitionspro-  gramm die Ausstattung von Bildung,    Er ziehung, Gesundheit und Pflege deutlich   ausbauen und mehr Personal einstellen.",So können wir einen Kahl schlag als Folge des Lockdowns verhindern – und zugleich die Weichen für die Zukunft stellen.
104 keine Gewinnorientierung,f101 Defizite im Gesundheitssystem,linke,+,358,Wir wollen   Krankenhäuser und Pflegekonzerne von   der Börse nehmen.,Gute Gesundheitsversorgung und menschenwürdige Pflege für alle: Die Coronakrise ist auch Ergebnis der Vernachlässigung wichtiger Pfeiler einer funktionierenden Gesellschaft.
709 Einschränkung Patentschutz,f102 Wichtigkeit der Impfstoffversorgung,linke,+,359,"Die   Lizenzen für die Coronaimpfstoffe müssen   freigegeben werden, damit die Impfstoff-  produktion beschleunigt werden kann.","Die Lizenzen für die Coronaimpfstoffe müssen freigegeben werden, damit die Impfstoffproduktion beschleunigt werden kann."
709 Einschränkung Patentschutz,f106 Marktversagen,linke,+,360,"Die   Lizenzen für die Coronaimpfstoffe müssen   freigegeben werden, damit die Impfstoff-  produktion beschleunigt werden kann.","Gerade in der Pandemie zeigt sich, dass Pharmaforschung ein öffentliches Gut ist."
213 Mindestsicherung,f211 Finanzielle Schwierigkeiten durch Corona,linke,+,361,"Wir wollen dafür sorgen, dass niemand im   Monat weniger als 1.200 Euro zur Verfügung   hat.","Die Pandemie hat gezeigt, dass Leistungen viel zu knapp bemessen sind."
715 Demokratie stärken,f703 Demokratiedefizit,linke,+,366,Wir wollen eine Krisenbe-  wältigung mit mehr und nicht mit weniger   Demokratie.,Für mehr Demokratie streiten: Die Coronakrise hat auf allen Ebenen die Defizite der bestehenden parlamentarischen Demokra tie aufgezeigt.
801 Ganzheitlicher Ansatz der Pandemiebekämpfung,f802 Zoonosen,linke,+,370,Wir wollen natur- und umweltzerstörende   Subventionen abbauen und die frei werden-  den Gelder in Natur- und Umweltprogramme   investieren.,"Durch Wildtierhandel und das unkontrollierte Vordringen des Menschen in natürliche Lebensräume erhöhen wir das Risiko, dass Viren von Tieren auf den Menschen überspringen."
314 marginalisierte Gruppen unterstützen,f307 Benachteiligung marginalisierter Gruppen,linke,+,377,Wir    fordern einen queeren Rettungsschirm   zum Schutz der Strukturen und Einrichtungen   der Communities.,"Corona hat auch die Einrichtungen und Strukturen der queeren Communities getroffen: Viele Vereinsräume, Clubs, Bars und Cafés mussten schließen."
310 Besteuerung Reicher,f211 Finanzielle Schwierigkeiten durch Corona,linke,+,383,Vor diesem Hin-  tergrund fordert DIE LINKE u. a. eine Ver-  mögensteuer sowie eine Vermögens abgabe   zur Bewältigung der Krisenkosten und   zur Finanzierung von dauerhaften För der-  programmen (vgl.,"Die Coronakrise konfrontiert die Länder und Kommunen mit erheblichen finanziellen Problemen, die sie nicht aus eigener Kraft lösen können."
206 Coronahilfen,f307 Benachteiligung marginalisierter Gruppen,linke,+,384,In diesem Sinne   soll für die Dauer der Coronapandemie der   Zugang zu einer monatlichen Pauschale in   Höhe von mindestens 1.200 Euro – auch   rückwirkend ab März 2020 – ermöglicht   werden.,"DIE LINKE will Selbstständige, Freiberufler*innen und dem Kunst-, Kultur-, Medien- und Kreativbereich eine gute Wiederaufnahme ihrer Tätigkeiten ermöglichen."
507 Ernährungssouveränität,f504 Welthunger,linke,+,391,Unser Ziel ist: Recht auf Nahrung und Ernäh-  rungssouveränität für alle sowie ein Verbot   von Patenten auf Saatgut!,"Seit 2014 steigt die Zahl der hungernden Menschen weltweit wieder, diese Krise wird durch die Coronapandemie noch verschärft."
216 staatliche Investionen,f203 Austeritätspolitik,linke,+,392,"Klar ist deshalb:   Wir brauchen einen Paradigmenwechsel,   weg von Kürzungen, Freihandelsabkommen   und Marktradikalismus, hin zu öffentlichen   Investitionen, grenzübergreifender Koope-  ration und Solidarität.","Aber die Gefahr ist groß, dass die EU nach der Krise wieder in die alte Kürzungspolitik zurückfällt."
307 Solidarität,f203 Austeritätspolitik,linke,+,393,"Klar ist deshalb:   Wir brauchen einen Paradigmenwechsel,   weg von Kürzungen, Freihandelsabkommen   und Marktradikalismus, hin zu öffentlichen   Investitionen, grenzübergreifender Koope-  ration und Solidarität.","Aber die Gefahr ist groß, dass die EU nach der Krise wieder in die alte Kürzungspolitik zurückfällt."
503 Internationale Kooperation,f203 Austeritätspolitik,linke,+,394,"Klar ist deshalb:   Wir brauchen einen Paradigmenwechsel,   weg von Kürzungen, Freihandelsabkommen   und Marktradikalismus, hin zu öffentlichen   Investitionen, grenzübergreifender Koope-  ration und Solidarität.","Aber die Gefahr ist groß, dass die EU nach der Krise wieder in die alte Kürzungspolitik zurückfällt."
201 freie Marktwirtschaft,f203 Austeritätspolitik,linke,-,395,"Klar ist deshalb:   Wir brauchen einen Paradigmenwechsel,   weg von Kürzungen, Freihandelsabkommen   und Marktradikalismus, hin zu öffentlichen   Investitionen, grenzübergreifender Koope-  ration und Solidarität.","Aber die Gefahr ist groß, dass die EU nach der Krise wieder in die alte Kürzungspolitik zurückfällt."
201 freie Marktwirtschaft,f211 Finanzielle Schwierigkeiten durch Corona,linke,-,400,"Wir    wollen  einen demokratischen Sozialstaat,   der  soziale Rechte gibt, das gesellschaft-  liche Leben durch soziale Dienstleis  tungen und öffentliche  Infrastrukturen   stärkt und für gute und planbare   Erwerbs arbeit sorgt, die sicher ist und   zum Leben passt.","Corona hat die Lücken unserer sozialen Sicherungssysteme gezeigt: Für Hartz-IV-Bezieher*innen sind Mehrausgaben zum Beispiel für Homeschooling und Sicherheitsmasken nicht erschwinglich, schon die Regelbeträge sichern nicht gegen Armut."
201 freie Marktwirtschaft,f305 Relevanz Sozialstaat,linke,-,401,"Wir    wollen  einen demokratischen Sozialstaat,   der  soziale Rechte gibt, das gesellschaft-  liche Leben durch soziale Dienstleis  tungen und öffentliche  Infrastrukturen   stärkt und für gute und planbare   Erwerbs arbeit sorgt, die sicher ist und   zum Leben passt.","Corona hat die Lücken unserer sozialen Sicherungssysteme gezeigt: Für Hartz-IV-Bezieher*innen sind Mehrausgaben zum Beispiel für Homeschooling und Sicherheitsmasken nicht erschwinglich, schon die Regelbeträge sichern nicht gegen Armut."
201 freie Marktwirtschaft,f307 Benachteiligung marginalisierter Gruppen,linke,-,402,"Wir    wollen  einen demokratischen Sozialstaat,   der  soziale Rechte gibt, das gesellschaft-  liche Leben durch soziale Dienstleis  tungen und öffentliche  Infrastrukturen   stärkt und für gute und planbare   Erwerbs arbeit sorgt, die sicher ist und   zum Leben passt.","Corona hat die Lücken unserer sozialen Sicherungssysteme gezeigt: Für Hartz-IV-Bezieher*innen sind Mehrausgaben zum Beispiel für Homeschooling und Sicherheitsmasken nicht erschwinglich, schon die Regelbeträge sichern nicht gegen Armut."
213 Mindestsicherung,f209 Erwerbslosigkeit,linke,+,403,"Wir wollen eine Arbeits-  losenversicherung, die den zuvor erreichten   Lebensstandard annähernd sichert.",Die Erwerbslosigkeit in Deutschland ist durch die Coronakrise wieder gestiegen.
720 finanzielle Stärkung,f101 Defizite im Gesundheitssystem,linke,+,406,DIE LINKE will eine    finanzielle Stärkung des ÖGD und eine    bessere Koordinierung.,Die Kapazitätsgrenzen waren schnell erreicht.
503 Internationale Kooperation,f106 Marktversagen,linke,+,410,"Daher schlagen wir den Aufbau   einer öffentlichen Impfstoffproduktion (im   Sinne von Regional Vaccine Manufacturing   Hubs) vor, weltweit koordiniert von WHO    und UN.",Angesichts des Marktversagens bei der weltweiten Versorgung mit den dringend benötigten Covid-19 Impfstoffen und der Gefahr zukünftiger Pandemien dürfen wir die Produktion von Impfstoffen nicht mehr Konzernen überlassen.
708 faire Impfstoffversorgung,f106 Marktversagen,linke,+,411,"Daher schlagen wir den Aufbau   einer öffentlichen Impfstoffproduktion (im   Sinne von Regional Vaccine Manufacturing   Hubs) vor, weltweit koordiniert von WHO    und UN.",Angesichts des Marktversagens bei der weltweiten Versorgung mit den dringend benötigten Covid-19 Impfstoffen und der Gefahr zukünftiger Pandemien dürfen wir die Produktion von Impfstoffen nicht mehr Konzernen überlassen.
405 Ausbau von Bildungs- und Betreuungsangeboten,f403 Wichtigkeit von Bildung,linke,+,415,Kinder brauchen einen Rechtsanspruch auf   einen Ganztagsplatz in einer Kita.,"Insbesondere während der coronabedingten Kita schließungen wurde deutlich, wie wertvoll frühkindliche Bildung für alle ist."
716 Desinfektions- und Hygienemaßnahmen,f111 Hygienestandards,linke,+,417,Die Schulreinigung wollen wir flächen-  deckend wieder in die öffentliche Hand   bringen – für saubere Schulen und gute    Arbeitsbedingungen.,"In der Pandemie hat sich gezeigt, wie wichtig gute Hygiene standards in den Schulen sind."
403 Stärkung von Studierenden und Hochschulen,f211 Finanzielle Schwierigkeiten durch Corona,linke,+,418,"Wir wollen, dass alle, die eine Ausbildung   begonnen haben, sie auch beenden können.",Wegen der Pandemie und finanzieller Schieflage mancher Unternehmen haben viele Ausbildungsbetriebe ihre Ausbildung eingestellt oder deutlich gekürzt.
720 finanzielle Stärkung,f211 Finanzielle Schwierigkeiten durch Corona,linke,+,419,Dafür muss der Bund Mittel und Möglich-  keiten bereitstellen.,Wegen der Pandemie und finanzieller Schieflage mancher Unternehmen haben viele Ausbildungsbetriebe ihre Ausbildung eingestellt oder deutlich gekürzt.
403 Stärkung von Studierenden und Hochschulen,f211 Finanzielle Schwierigkeiten durch Corona,linke,+,423,"DIE LINKE fordert einen Hochschul  sozialpakt: Geld für mehr bezahlbare   Plätze in Wohnheimen, Mensen und Hilfe   für Studieren denwerke, die durch die    Coronakrise in eine Schieflage geraten   sind.","DIE LINKE fordert einen Hochschulsozialpakt: Geld für mehr bezahlbare Plätze in Wohnheimen, Mensen und Hilfe für Studierendenwerke, die durch die Coronakrise in eine Schieflage geraten sind."
718 personelle Verstärkung,f211 Finanzielle Schwierigkeiten durch Corona,linke,+,424,"DIE LINKE fordert einen Hochschul  sozialpakt: Geld für mehr bezahlbare   Plätze in Wohnheimen, Mensen und Hilfe   für Studieren denwerke, die durch die    Coronakrise in eine Schieflage geraten   sind.","DIE LINKE fordert einen Hochschulsozialpakt: Geld für mehr bezahlbare Plätze in Wohnheimen, Mensen und Hilfe für Studierendenwerke, die durch die Coronakrise in eine Schieflage geraten sind."
804 Klimaschutz,f802 Zoonosen,linke,+,425,Diesen   verheerenden Prozess der Naturzerstörung   müssen wir stoppen.,Die Coronapandemie zeigt: Die Zerstörung natürlicher Lebensräume lässt die Wahrscheinlichkeit von Pandemien rasant steigen.
